<?xml version="1.0" encoding="UTF-8" standalone="yes" ?>
<addon id="plugin.video.kyivstar.tv" name="Kyivstar TV" version="0.0.6" provider-name="tvhn">
    <requires>
        <import addon="xbmc.python" version="3.0.0" />
        <import addon="script.module.requests" />
        <import addon="script.module.routing" />
    </requires>
    <extension point="xbmc.python.pluginsource" library="main.py">
        <provides>video</provides>
    </extension>
    <extension point="xbmc.service" library="service.py" />
    <extension point="xbmc.addon.metadata">
        <description>Kyivstar TV</description>
        <disclaimer></disclaimer>
        <summary>Kyivstar TV</summary>
        <language>en</language>
        <platform>all</platform>
        <license>The MIT License</license>
        <website></website>
        <assets>
            <icon>icon.png</icon>
            <fanart>fanart.jpg</fanart>
        </assets>
    </extension>
</addon>
